fileid,start,end,tag
(mmd) Algebra - Lang.mmd.filtered,230,233,name
(mmd) Algebra - Lang.mmd.filtered,573,579,name
(mmd) Algebra - Lang.mmd.filtered,783,1239,definition
(mmd) Algebra - Lang.mmd.filtered,1320,1328,name
(mmd) Algebra - Lang.mmd.filtered,1665,1671,name
(mmd) Algebra - Lang.mmd.filtered,2211,2664,theorem
(mmd) Algebra - Lang.mmd.filtered,2213,2228,name
(mmd) Algebra - Lang.mmd.filtered,2503,2518,name
(mmd) Algebra - Lang.mmd.filtered,2592,2664,definition
(mmd) Algebra - Lang.mmd.filtered,2666,3565,proof
(mmd) Algebra - Lang.mmd.filtered,4140,4155,name
(mmd) Algebra - Lang.mmd.filtered,5370,7307,theorem
(mmd) Algebra - Lang.mmd.filtered,6505,6512,name
(mmd) Algebra - Lang.mmd.filtered,6837,6996,name
(mmd) Algebra - Lang.mmd.filtered,7439,7970,definition
(mmd) Algebra - Lang.mmd.filtered,7489,7515,name
(mmd) Algebra - Lang.mmd.filtered,8277,8288,name
(mmd) Algebra - Lang.mmd.filtered,8294,8368,theorem
(mmd) Algebra - Lang.mmd.filtered,8682,9596,definition
(mmd) Algebra - Lang.mmd.filtered,8685,8830,name
(mmd) Algebra - Lang.mmd.filtered,9229,9508,name
(mmd) Algebra - Lang.mmd.filtered,10680,10780,definition
(mmd) Algebra - Lang.mmd.filtered,10714,10725,name
(mmd) Algebra - Lang.mmd.filtered,11681,11686,name
(mmd) Algebra - Lang.mmd.filtered,11703,11710,name
(mmd) Algebra - Lang.mmd.filtered,11792,12669,definition
(mmd) Algebra - Lang.mmd.filtered,12924,13005,name
(mmd) Algebra - Lang.mmd.filtered,13199,13377,theorem
(mmd) Algebra - Lang.mmd.filtered,13671,13799,theorem
(mmd) Algebra - Lang.mmd.filtered,14035,14046,name
(mmd) Algebra - Lang.mmd.filtered,14701,15182,theorem
(mmd) Algebra - Lang.mmd.filtered,14703,14982,name
(mmd) Algebra - Lang.mmd.filtered,15081,17520,example
(mmd) Algebra - Lang.mmd.filtered,15081,15182,proof
(mmd) Algebra - Lang.mmd.filtered,15902,15912,name
(mmd) Algebra - Lang.mmd.filtered,18035,18493,definition
(mmd) Algebra - Lang.mmd.filtered,18196,18535,theorem
(mmd) Algebra - Lang.mmd.filtered,18689,18702,name
(mmd) Algebra - Lang.mmd.filtered,19132,19923,definition
(mmd) Algebra - Lang.mmd.filtered,19132,19923,theorem
(mmd) Algebra - Lang.mmd.filtered,19492,19497,name
(mmd) Algebra - Lang.mmd.filtered,20434,20447,name
(mmd) Algebra - Lang.mmd.filtered,20850,21063,definition
(mmd) Algebra - Lang.mmd.filtered,21046,21231,name
(mmd) Algebra - Lang.mmd.filtered,21940,22114,proof
(mmd) Algebra - Lang.mmd.filtered,22125,22428,definition
(mmd) Algebra - Lang.mmd.filtered,22125,22215,example
(mmd) Algebra - Lang.mmd.filtered,23249,23604,definition
(mmd) Algebra - Lang.mmd.filtered,23252,23672,theorem
(mmd) Algebra - Lang.mmd.filtered,23596,23601,name
(mmd) Algebra - Lang.mmd.filtered,24152,24764,definition
(mmd) Algebra - Lang.mmd.filtered,24556,24764,theorem
(mmd) Algebra - Lang.mmd.filtered,24768,24818,name
(mmd) Algebra - Lang.mmd.filtered,25753,25796,name
(mmd) Algebra - Lang.mmd.filtered,25966,26485,proof
(mmd) Algebra - Lang.mmd.filtered,26487,29489,theorem
(mmd) Algebra - Lang.mmd.filtered,26489,26500,name
(mmd) Algebra - Lang.mmd.filtered,29337,29346,name
(mmd) Algebra - Lang.mmd.filtered,31209,31763,proof
(mmd) Algebra - Lang.mmd.filtered,31765,33215,theorem
(mmd) Algebra - Lang.mmd.filtered,31767,31778,name
(mmd) Algebra - Lang.mmd.filtered,34197,34321,theorem
(mmd) Algebra - Lang.mmd.filtered,34199,34214,name
(mmd) Algebra - Lang.mmd.filtered,34561,36149,example
(mmd) Algebra - Lang.mmd.filtered,34561,34638,name
(mmd) Algebra - Lang.mmd.filtered,34561,34638,theorem
(mmd) Algebra - Lang.mmd.filtered,35501,35608,name
(mmd) Algebra - Lang.mmd.filtered,35522,36149,theorem
(mmd) Algebra - Lang.mmd.filtered,36153,36168,name
(mmd) Algebra - Lang.mmd.filtered,37129,37335,theorem
(mmd) Algebra - Lang.mmd.filtered,37718,37724,name
(mmd) Algebra - Lang.mmd.filtered,38055,38652,definition
(mmd) Algebra - Lang.mmd.filtered,38182,38187,name
(mmd) Algebra - Lang.mmd.filtered,38391,38614,theorem
(mmd) Algebra - Lang.mmd.filtered,39491,39693,proof
(mmd) Algebra - Lang.mmd.filtered,39499,39693,theorem
(mmd) Algebra - Lang.mmd.filtered,39695,40130,definition
(mmd) Algebra - Lang.mmd.filtered,39757,39762,name
(mmd) Algebra - Lang.mmd.filtered,39972,40366,theorem
(mmd) Algebra - Lang.mmd.filtered,40520,40862,definition
(mmd) Algebra - Lang.mmd.filtered,40921,41065,name
(mmd) Algebra - Lang.mmd.filtered,41070,42107,theorem
(mmd) Algebra - Lang.mmd.filtered,41266,42107,definition
(mmd) Algebra - Lang.mmd.filtered,42109,42508,example
(mmd) Algebra - Lang.mmd.filtered,42124,42240,name
(mmd) Algebra - Lang.mmd.filtered,42146,42508,definition
(mmd) Algebra - Lang.mmd.filtered,43458,43478,name
(mmd) Algebra - Lang.mmd.filtered,44694,45247,theorem
(mmd) Algebra - Lang.mmd.filtered,44808,44902,name
(mmd) Algebra - Lang.mmd.filtered,46319,46583,theorem
(mmd) Algebra - Lang.mmd.filtered,46321,46332,name
(mmd) Algebra - Lang.mmd.filtered,47766,48510,proof
(mmd) Algebra - Lang.mmd.filtered,47886,48609,definition
(mmd) Algebra - Lang.mmd.filtered,48252,48510,theorem
(mmd) Algebra - Lang.mmd.filtered,48595,48599,name
(mmd) Categorical Homotopy Theory - Riehl.mmd.filtered,23,557,name
(mmd) Categorical Homotopy Theory - Riehl.mmd.filtered,371,872,theorem
(mmd) Categorical Homotopy Theory - Riehl.mmd.filtered,756,2895,definition
(mmd) Categorical Homotopy Theory - Riehl.mmd.filtered,824,1010,name
(mmd) Categorical Homotopy Theory - Riehl.mmd.filtered,1463,1474,name
(mmd) Categorical Homotopy Theory - Riehl.mmd.filtered,2190,2197,name
(mmd) Categorical Homotopy Theory - Riehl.mmd.filtered,2583,2606,name
(mmd) Categorical Homotopy Theory - Riehl.mmd.filtered,2897,3357,theorem
(mmd) Categorical Homotopy Theory - Riehl.mmd.filtered,2899,2912,name
(mmd) Categorical Homotopy Theory - Riehl.mmd.filtered,3359,3365,name
(mmd) Categorical Homotopy Theory - Riehl.mmd.filtered,3367,3782,definition
(mmd) Categorical Homotopy Theory - Riehl.mmd.filtered,3786,3799,name
(mmd) Categorical Homotopy Theory - Riehl.mmd.filtered,4364,4483,name
(mmd) Categorical Homotopy Theory - Riehl.mmd.filtered,5584,5873,name
(mmd) Categorical Homotopy Theory - Riehl.mmd.filtered,6108,6234,theorem
(mmd) Categorical Homotopy Theory - Riehl.mmd.filtered,6238,6340,name
(mmd) Categorical Homotopy Theory - Riehl.mmd.filtered,6255,6398,theorem
(mmd) Categorical Homotopy Theory - Riehl.mmd.filtered,6525,6801,theorem
(mmd) Categorical Homotopy Theory - Riehl.mmd.filtered,6866,6871,name
(mmd) Categorical Homotopy Theory - Riehl.mmd.filtered,6903,7393,definition
(mmd) Categorical Homotopy Theory - Riehl.mmd.filtered,7233,7240,name
(mmd) Categorical Homotopy Theory - Riehl.mmd.filtered,7451,7528,name
(mmd) Categorical Homotopy Theory - Riehl.mmd.filtered,7751,7873,proof
(mmd) Categorical Homotopy Theory - Riehl.mmd.filtered,7803,8050,theorem
(mmd) Categorical Homotopy Theory - Riehl.mmd.filtered,7877,7888,name
(mmd) Categorical Homotopy Theory - Riehl.mmd.filtered,10042,10268,proof
(mmd) Categorical Homotopy Theory - Riehl.mmd.filtered,10270,10578,theorem
(mmd) Categorical Homotopy Theory - Riehl.mmd.filtered,10272,10287,name
(mmd) Categorical Homotopy Theory - Riehl.mmd.filtered,11061,11074,name
(mmd) Categorical Homotopy Theory - Riehl.mmd.filtered,11495,11511,name
(mmd) Categorical Homotopy Theory - Riehl.mmd.filtered,11529,12556,example
(mmd) Categorical Homotopy Theory - Riehl.mmd.filtered,11759,11955,definition
(mmd) Categorical Homotopy Theory - Riehl.mmd.filtered,11759,11955,theorem
(mmd) Categorical Homotopy Theory - Riehl.mmd.filtered,11959,11972,name
(mmd) Categorical Homotopy Theory - Riehl.mmd.filtered,13269,13282,name
(mmd) Categorical Homotopy Theory - Riehl.mmd.filtered,15105,15924,example
(mmd) Categorical Homotopy Theory - Riehl.mmd.filtered,15105,15924,theorem
(mmd) Categorical Homotopy Theory - Riehl.mmd.filtered,15837,15849,name
(mmd) Categorical Homotopy Theory - Riehl.mmd.filtered,16001,16117,name
(mmd) Categorical Homotopy Theory - Riehl.mmd.filtered,16157,16248,proof
(mmd) Categorical Homotopy Theory - Riehl.mmd.filtered,16250,17412,example
(mmd) Categorical Homotopy Theory - Riehl.mmd.filtered,17061,17186,name
(mmd) Categorical Homotopy Theory - Riehl.mmd.filtered,17668,17783,theorem
(mmd) Categorical Homotopy Theory - Riehl.mmd.filtered,17687,17783,definition
(mmd) Categorical Homotopy Theory - Riehl.mmd.filtered,17785,18631,proof
(mmd) Categorical Homotopy Theory - Riehl.mmd.filtered,18633,19676,definition
(mmd) Categorical Homotopy Theory - Riehl.mmd.filtered,18633,19676,example
(mmd) Categorical Homotopy Theory - Riehl.mmd.filtered,18635,18731,name
(mmd) Categorical Homotopy Theory - Riehl.mmd.filtered,18635,19200,theorem
(mmd) Categorical Homotopy Theory - Riehl.mmd.filtered,19234,19242,name
(mmd) Categorical Homotopy Theory - Riehl.mmd.filtered,19678,19911,theorem
(mmd) Categorical Homotopy Theory - Riehl.mmd.filtered,19680,19691,name
(mmd) Categorical Homotopy Theory - Riehl.mmd.filtered,20923,21713,theorem
(mmd) Categorical Homotopy Theory - Riehl.mmd.filtered,20925,21220,name
(mmd) Categorical Homotopy Theory - Riehl.mmd.filtered,21222,21713,proof
(mmd) Categorical Homotopy Theory - Riehl.mmd.filtered,22600,22924,proof
(mmd) Categorical Homotopy Theory - Riehl.mmd.filtered,22928,22943,name
(mmd) Categorical Homotopy Theory - Riehl.mmd.filtered,22971,23088,theorem
(mmd) Categorical Homotopy Theory - Riehl.mmd.filtered,23584,24403,theorem
(mmd) Categorical Homotopy Theory - Riehl.mmd.filtered,23751,24069,definition
(mmd) Categorical Homotopy Theory - Riehl.mmd.filtered,23968,24087,name
(mmd) Categorical Homotopy Theory - Riehl.mmd.filtered,24695,26350,theorem
(mmd) Categorical Homotopy Theory - Riehl.mmd.filtered,25106,26350,example
(mmd) Categorical Homotopy Theory - Riehl.mmd.filtered,25108,25122,name
(mmd) Categorical Homotopy Theory - Riehl.mmd.filtered,26705,26720,name
(mmd) Categorical Homotopy Theory - Riehl.mmd.filtered,27102,27395,theorem
(mmd) Categorical Homotopy Theory - Riehl.mmd.filtered,27104,27118,name
(mmd) Categorical Homotopy Theory - Riehl.mmd.filtered,27974,28753,theorem
(mmd) Categorical Homotopy Theory - Riehl.mmd.filtered,28602,28863,name
(mmd) Categorical Homotopy Theory - Riehl.mmd.filtered,29670,29684,name
(mmd) Categorical Homotopy Theory - Riehl.mmd.filtered,30046,30071,name
(mmd) Categorical Homotopy Theory - Riehl.mmd.filtered,30165,30381,name
(mmd) Categorical Homotopy Theory - Riehl.mmd.filtered,30214,31262,definition
(mmd) Categorical Homotopy Theory - Riehl.mmd.filtered,30640,30858,name
(mmd) Categorical Homotopy Theory - Riehl.mmd.filtered,30722,38804,example
(mmd) Categorical Homotopy Theory - Riehl.mmd.filtered,32340,32365,name
(mmd) Categorical Homotopy Theory - Riehl.mmd.filtered,32965,32970,name
(mmd) Categorical Homotopy Theory - Riehl.mmd.filtered,32975,33416,proof
(mmd) Categorical Homotopy Theory - Riehl.mmd.filtered,35337,36459,definition
(mmd) Categorical Homotopy Theory - Riehl.mmd.filtered,35339,35552,name
(mmd) Categorical Homotopy Theory - Riehl.mmd.filtered,35910,35922,name
(mmd) Categorical Homotopy Theory - Riehl.mmd.filtered,36468,37013,theorem
(mmd) Categorical Homotopy Theory - Riehl.mmd.filtered,37853,38435,definition
(mmd) Categorical Homotopy Theory - Riehl.mmd.filtered,37986,38271,name
(mmd) Categorical Homotopy Theory - Riehl.mmd.filtered,38657,38675,name
(mmd) Categorical Homotopy Theory - Riehl.mmd.filtered,39203,39219,name
(mmd) Categorical Homotopy Theory - Riehl.mmd.filtered,39910,40392,definition
(mmd) Categorical Homotopy Theory - Riehl.mmd.filtered,40725,41054,definition
(mmd) Categorical Homotopy Theory - Riehl.mmd.filtered,41028,41051,name
(mmd) Categorical Homotopy Theory - Riehl.mmd.filtered,42027,42032,name
(mmd) Categorical Homotopy Theory - Riehl.mmd.filtered,43046,43051,name
(mmd) Categorical Homotopy Theory - Riehl.mmd.filtered,43054,43959,definition
(mmd) Categorical Homotopy Theory - Riehl.mmd.filtered,43121,43959,theorem
(mmd) Categorical Homotopy Theory - Riehl.mmd.filtered,43963,43974,name
(mmd) Categorical Homotopy Theory - Riehl.mmd.filtered,44417,44546,name
(mmd) Categorical Homotopy Theory - Riehl.mmd.filtered,45173,45188,name
(mmd) Categorical Homotopy Theory - Riehl.mmd.filtered,45548,47857,theorem
(mmd) Categorical Homotopy Theory - Riehl.mmd.filtered,45550,45896,name
(mmd) Categorical Homotopy Theory - Riehl.mmd.filtered,49330,49337,name
(mmd) Categorical Homotopy Theory - Riehl.mmd.filtered,50598,50619,name
(mmd) Categorical Homotopy Theory - Riehl.mmd.filtered,52096,52109,name
(mmd) Categorical Homotopy Theory - Riehl.mmd.filtered,52970,53191,proof
(mmd) Categorical Homotopy Theory - Riehl.mmd.filtered,53193,53951,theorem
(mmd) Categorical Homotopy Theory - Riehl.mmd.filtered,55482,56037,example
(mmd) Categorical Homotopy Theory - Riehl.mmd.filtered,55484,55498,name
(mmd) Categorical Homotopy Theory - Riehl.mmd.filtered,56013,56055,name
(mmd) Categorical Homotopy Theory - Riehl.mmd.filtered,56632,56863,name
(mmd) Categorical Homotopy Theory - Riehl.mmd.filtered,57402,142048,definition
(mmd) Categorical Homotopy Theory - Riehl.mmd.filtered,59225,64800,theorem
(mmd) Categorical Homotopy Theory - Riehl.mmd.filtered,59383,59563,name
(mmd) Categorical Homotopy Theory - Riehl.mmd.filtered,59987,60002,name
(mmd) Categorical Homotopy Theory - Riehl.mmd.filtered,60725,60771,name
(mmd) Categorical Homotopy Theory - Riehl.mmd.filtered,61607,61630,name
(mmd) Categorical Homotopy Theory - Riehl.mmd.filtered,63024,63042,name
(mmd) Categorical Homotopy Theory - Riehl.mmd.filtered,63844,63863,name
(mmd) Categorical Homotopy Theory - Riehl.mmd.filtered,64114,64263,proof
(mmd) Categorical Homotopy Theory - Riehl.mmd.filtered,65145,65308,name
(mmd) Categorical Homotopy Theory - Riehl.mmd.filtered,65266,65613,theorem
(mmd) Categorical Homotopy Theory - Riehl.mmd.filtered,65617,65634,name
(mmd) Categorical Homotopy Theory - Riehl.mmd.filtered,65933,66357,theorem
(mmd) Categorical Homotopy Theory - Riehl.mmd.filtered,65935,66182,name
(mmd) Categorical Homotopy Theory - Riehl.mmd.filtered,66359,67240,proof
(mmd) Categorical Homotopy Theory - Riehl.mmd.filtered,67244,67331,name
(mmd) Categorical Homotopy Theory - Riehl.mmd.filtered,69543,69925,theorem
(mmd) Categorical Homotopy Theory - Riehl.mmd.filtered,69545,69562,name
(mmd) Categorical Homotopy Theory - Riehl.mmd.filtered,70662,70676,name
(mmd) Categorical Homotopy Theory - Riehl.mmd.filtered,71886,71893,name
(mmd) Categorical Homotopy Theory - Riehl.mmd.filtered,72626,72643,name
(mmd) Categorical Homotopy Theory - Riehl.mmd.filtered,73645,73660,name
(mmd) Categorical Homotopy Theory - Riehl.mmd.filtered,73774,74114,example
(mmd) Categorical Homotopy Theory - Riehl.mmd.filtered,74116,74627,theorem
(mmd) Categorical Homotopy Theory - Riehl.mmd.filtered,74118,74133,name
(mmd) Categorical Homotopy Theory - Riehl.mmd.filtered,75136,75479,theorem
(mmd) Categorical Homotopy Theory - Riehl.mmd.filtered,76273,76280,name
(mmd) Categorical Homotopy Theory - Riehl.mmd.filtered,77047,77054,name
(mmd) Categorical Homotopy Theory - Riehl.mmd.filtered,77577,78125,theorem
(mmd) Categorical Homotopy Theory - Riehl.mmd.filtered,77579,77598,name
(mmd) Categorical Homotopy Theory - Riehl.mmd.filtered,80366,82249,theorem
(mmd) Categorical Homotopy Theory - Riehl.mmd.filtered,80606,80625,name
(mmd) Categorical Homotopy Theory - Riehl.mmd.filtered,81536,81555,name
(mmd) Categorical Homotopy Theory - Riehl.mmd.filtered,82323,83374,theorem
(mmd) Categorical Homotopy Theory - Riehl.mmd.filtered,84470,84854,theorem
(mmd) Categorical Homotopy Theory - Riehl.mmd.filtered,84472,84484,name
(mmd) Categorical Homotopy Theory - Riehl.mmd.filtered,84890,84896,name
(mmd) Categorical Homotopy Theory - Riehl.mmd.filtered,85995,87032,theorem
(mmd) Categorical Homotopy Theory - Riehl.mmd.filtered,85997,86009,name
(mmd) Categorical Homotopy Theory - Riehl.mmd.filtered,87036,87052,name
(mmd) Categorical Homotopy Theory - Riehl.mmd.filtered,88110,88696,theorem
(mmd) Categorical Homotopy Theory - Riehl.mmd.filtered,88112,88126,name
(mmd) Categorical Homotopy Theory - Riehl.mmd.filtered,89136,90269,theorem
(mmd) Categorical Homotopy Theory - Riehl.mmd.filtered,89138,89152,name
(mmd) Categorical Homotopy Theory - Riehl.mmd.filtered,91853,91869,name
(mmd) Categorical Homotopy Theory - Riehl.mmd.filtered,92452,92707,name
(mmd) Categorical Homotopy Theory - Riehl.mmd.filtered,92693,93381,theorem
(mmd) Categorical Homotopy Theory - Riehl.mmd.filtered,92867,93743,proof
(mmd) Categorical Homotopy Theory - Riehl.mmd.filtered,96403,96886,theorem
(mmd) Categorical Homotopy Theory - Riehl.mmd.filtered,96481,97115,name
(mmd) Categorical Homotopy Theory - Riehl.mmd.filtered,97399,97432,name
(mmd) Categorical Homotopy Theory - Riehl.mmd.filtered,97807,97834,name
(mmd) Categorical Homotopy Theory - Riehl.mmd.filtered,98174,98370,theorem
(mmd) Categorical Homotopy Theory - Riehl.mmd.filtered,98176,98188,name
(mmd) Categorical Homotopy Theory - Riehl.mmd.filtered,100956,101480,theorem
(mmd) Categorical Homotopy Theory - Riehl.mmd.filtered,102613,102842,proof
(mmd) Categorical Homotopy Theory - Riehl.mmd.filtered,103251,103268,name
(mmd) Categorical Homotopy Theory - Riehl.mmd.filtered,103687,104041,proof
(mmd) Categorical Homotopy Theory - Riehl.mmd.filtered,104043,107511,theorem
(mmd) Categorical Homotopy Theory - Riehl.mmd.filtered,104045,104059,name
(mmd) Categorical Homotopy Theory - Riehl.mmd.filtered,107067,107083,name
(mmd) Categorical Homotopy Theory - Riehl.mmd.filtered,107963,108130,theorem
(mmd) Categorical Homotopy Theory - Riehl.mmd.filtered,108148,108195,name
(mmd) Categorical Homotopy Theory - Riehl.mmd.filtered,110419,110527,name
(mmd) Categorical Homotopy Theory - Riehl.mmd.filtered,110966,111801,name
(mmd) Categorical Homotopy Theory - Riehl.mmd.filtered,112172,112686,name
(mmd) Categorical Homotopy Theory - Riehl.mmd.filtered,113023,113352,theorem
(mmd) Categorical Homotopy Theory - Riehl.mmd.filtered,113411,113418,name
(mmd) Categorical Homotopy Theory - Riehl.mmd.filtered,114041,114361,theorem
(mmd) Categorical Homotopy Theory - Riehl.mmd.filtered,114043,114055,name
(mmd) Categorical Homotopy Theory - Riehl.mmd.filtered,114363,114852,proof
(mmd) Categorical Homotopy Theory - Riehl.mmd.filtered,115299,115320,name
(mmd) Categorical Homotopy Theory - Riehl.mmd.filtered,115599,115908,theorem
(mmd) Categorical Homotopy Theory - Riehl.mmd.filtered,115614,115620,name
(mmd) Categorical Homotopy Theory - Riehl.mmd.filtered,116960,116978,name
(mmd) Categorical Homotopy Theory - Riehl.mmd.filtered,118388,118401,name
(mmd) Categorical Homotopy Theory - Riehl.mmd.filtered,118388,118954,theorem
(mmd) Categorical Homotopy Theory - Riehl.mmd.filtered,119199,120452,theorem
(mmd) Categorical Homotopy Theory - Riehl.mmd.filtered,119366,119381,name
(mmd) Categorical Homotopy Theory - Riehl.mmd.filtered,120456,120473,name
(mmd) Categorical Homotopy Theory - Riehl.mmd.filtered,122877,123579,theorem
(mmd) Categorical Homotopy Theory - Riehl.mmd.filtered,122879,122893,name
(mmd) Categorical Homotopy Theory - Riehl.mmd.filtered,124066,124083,name
(mmd) Categorical Homotopy Theory - Riehl.mmd.filtered,124571,124702,name
(mmd) Categorical Homotopy Theory - Riehl.mmd.filtered,125521,125533,name
(mmd) Categorical Homotopy Theory - Riehl.mmd.filtered,126405,127732,proof
(mmd) Categorical Homotopy Theory - Riehl.mmd.filtered,127734,128592,example
(mmd) Categorical Homotopy Theory - Riehl.mmd.filtered,127734,127922,name
(mmd) Categorical Homotopy Theory - Riehl.mmd.filtered,128366,128610,name
(mmd) Categorical Homotopy Theory - Riehl.mmd.filtered,129133,129147,name
(mmd) Categorical Homotopy Theory - Riehl.mmd.filtered,129152,130185,example
(mmd) Categorical Homotopy Theory - Riehl.mmd.filtered,130269,130288,name
(mmd) Categorical Homotopy Theory - Riehl.mmd.filtered,130792,130843,name
(mmd) Categorical Homotopy Theory - Riehl.mmd.filtered,131137,132323,theorem
(mmd) Categorical Homotopy Theory - Riehl.mmd.filtered,131929,131942,name
(mmd) Categorical Homotopy Theory - Riehl.mmd.filtered,132386,132400,name
(mmd) Categorical Homotopy Theory - Riehl.mmd.filtered,133115,133230,name
(mmd) Categorical Homotopy Theory - Riehl.mmd.filtered,133316,133738,theorem
(mmd) Categorical Homotopy Theory - Riehl.mmd.filtered,135167,135733,theorem
(mmd) Categorical Homotopy Theory - Riehl.mmd.filtered,135169,135182,name
(mmd) Categorical Homotopy Theory - Riehl.mmd.filtered,137076,137170,name
(mmd) Categorical Homotopy Theory - Riehl.mmd.filtered,138526,138674,theorem
(mmd) Categorical Homotopy Theory - Riehl.mmd.filtered,138528,138540,name
(mmd) Categorical Homotopy Theory - Riehl.mmd.filtered,138676,140182,proof
(mmd) Categorical Homotopy Theory - Riehl.mmd.filtered,140184,140659,theorem
(mmd) Categorical Homotopy Theory - Riehl.mmd.filtered,140186,140198,name
(mmd) Categorical Homotopy Theory - Riehl.mmd.filtered,140528,140559,name
(mmd) Categorical Homotopy Theory - Riehl.mmd.filtered,141392,141409,name
(mmd) Categorical Homotopy Theory - Riehl.mmd.filtered,141783,141800,name
(mmd) Categorical Homotopy Theory - Riehl.mmd.filtered,142842,144005,definition
(mmd) Categorical Homotopy Theory - Riehl.mmd.filtered,143101,144558,theorem
(mmd) Categorical Homotopy Theory - Riehl.mmd.filtered,143186,143367,name
(mmd) Categorical Homotopy Theory - Riehl.mmd.filtered,147165,147181,name
(mmd) Categorical Homotopy Theory - Riehl.mmd.filtered,147186,147961,theorem
(mmd) Categorical Homotopy Theory - Riehl.mmd.filtered,147964,147976,name
(mmd) Categorical Homotopy Theory - Riehl.mmd.filtered,149332,149504,name
(mmd) Categorical Homotopy Theory - Riehl.mmd.filtered,149613,149797,theorem
(mmd) Categorical Homotopy Theory - Riehl.mmd.filtered,150094,150268,name
(mmd) Categorical Homotopy Theory - Riehl.mmd.filtered,150580,150967,proof
(mmd) Categorical Homotopy Theory - Riehl.mmd.filtered,150969,150984,name
(mmd) Categorical Homotopy Theory - Riehl.mmd.filtered,151343,152223,proof
(mmd) Categorical Homotopy Theory - Riehl.mmd.filtered,151747,152223,definition
(mmd) Categorical Homotopy Theory - Riehl.mmd.filtered,152225,152239,name
(mmd) Categorical Homotopy Theory - Riehl.mmd.filtered,152225,152630,theorem
(mmd) Categorical Homotopy Theory - Riehl.mmd.filtered,152529,152544,name
(mmd) Course of Analytical Geometry - Sharipov.mmd.filtered,6,203,name
(mmd) Course of Analytical Geometry - Sharipov.mmd.filtered,576,724,definition
(mmd) Course of Analytical Geometry - Sharipov.mmd.filtered,859,865,name
(mmd) Course of Analytical Geometry - Sharipov.mmd.filtered,1467,1491,name
(mmd) Course of Analytical Geometry - Sharipov.mmd.filtered,1477,2305,theorem
(mmd) Course of Analytical Geometry - Sharipov.mmd.filtered,2307,34085,definition
(mmd) Course of Analytical Geometry - Sharipov.mmd.filtered,2697,2712,name
(mmd) Course of Analytical Geometry - Sharipov.mmd.filtered,3041,3402,proof
(mmd) Course of Analytical Geometry - Sharipov.mmd.filtered,3356,3622,name
(mmd) Course of Analytical Geometry - Sharipov.mmd.filtered,3404,4214,theorem
(mmd) Course of Analytical Geometry - Sharipov.mmd.filtered,3953,4087,name
(mmd) Course of Analytical Geometry - Sharipov.mmd.filtered,4554,5048,proof
(mmd) Course of Analytical Geometry - Sharipov.mmd.filtered,5898,6112,proof
(mmd) Course of Analytical Geometry - Sharipov.mmd.filtered,6114,6866,theorem
(mmd) Course of Analytical Geometry - Sharipov.mmd.filtered,6116,6250,name
(mmd) Course of Analytical Geometry - Sharipov.mmd.filtered,6608,6880,name
(mmd) Course of Analytical Geometry - Sharipov.mmd.filtered,6771,6866,proof
(mmd) Course of Analytical Geometry - Sharipov.mmd.filtered,7133,7821,example
(mmd) Course of Analytical Geometry - Sharipov.mmd.filtered,7133,9342,proof
(mmd) Course of Analytical Geometry - Sharipov.mmd.filtered,7314,7419,theorem
(mmd) Course of Analytical Geometry - Sharipov.mmd.filtered,9225,9342,theorem
(mmd) Course of Analytical Geometry - Sharipov.mmd.filtered,9371,21291,theorem
(mmd) Course of Analytical Geometry - Sharipov.mmd.filtered,10033,10038,name
(mmd) Course of Analytical Geometry - Sharipov.mmd.filtered,11542,11547,name
(mmd) Course of Analytical Geometry - Sharipov.mmd.filtered,11552,12069,proof
(mmd) Course of Analytical Geometry - Sharipov.mmd.filtered,12879,12891,name
(mmd) Course of Analytical Geometry - Sharipov.mmd.filtered,14874,14973,name
(mmd) Course of Analytical Geometry - Sharipov.mmd.filtered,15391,15629,name
(mmd) Course of Analytical Geometry - Sharipov.mmd.filtered,16603,16820,name
(mmd) Course of Analytical Geometry - Sharipov.mmd.filtered,17186,17190,name
(mmd) Course of Analytical Geometry - Sharipov.mmd.filtered,18535,18550,name
(mmd) Course of Analytical Geometry - Sharipov.mmd.filtered,19210,19258,name
(mmd) Course of Analytical Geometry - Sharipov.mmd.filtered,20743,20965,name
(mmd) Course of Analytical Geometry - Sharipov.mmd.filtered,22806,22817,name
(mmd) Course of Analytical Geometry - Sharipov.mmd.filtered,24340,100452,theorem
(mmd) Course of Analytical Geometry - Sharipov.mmd.filtered,24396,24475,name
(mmd) Course of Analytical Geometry - Sharipov.mmd.filtered,24754,24758,name
(mmd) Course of Analytical Geometry - Sharipov.mmd.filtered,25013,25017,name
(mmd) Course of Analytical Geometry - Sharipov.mmd.filtered,25331,25369,name
(mmd) Course of Analytical Geometry - Sharipov.mmd.filtered,26393,26397,name
(mmd) Course of Analytical Geometry - Sharipov.mmd.filtered,26936,26940,name
(mmd) Course of Analytical Geometry - Sharipov.mmd.filtered,28081,28484,name
(mmd) Course of Analytical Geometry - Sharipov.mmd.filtered,28801,28816,name
(mmd) Course of Analytical Geometry - Sharipov.mmd.filtered,29135,29139,name
(mmd) Course of Analytical Geometry - Sharipov.mmd.filtered,30950,30986,name
(mmd) Course of Analytical Geometry - Sharipov.mmd.filtered,32176,32189,name
(mmd) Course of Analytical Geometry - Sharipov.mmd.filtered,32960,32965,name
(mmd) Course of Analytical Geometry - Sharipov.mmd.filtered,34894,34906,name
(mmd) Course of Analytical Geometry - Sharipov.mmd.filtered,35880,35901,name
(mmd) Course of Analytical Geometry - Sharipov.mmd.filtered,36687,37735,definition
(mmd) Course of Analytical Geometry - Sharipov.mmd.filtered,37172,37201,name
(mmd) Course of Analytical Geometry - Sharipov.mmd.filtered,37521,37543,name
(mmd) Course of Analytical Geometry - Sharipov.mmd.filtered,39101,39739,definition
(mmd) Course of Analytical Geometry - Sharipov.mmd.filtered,39101,39111,name
(mmd) Course of Analytical Geometry - Sharipov.mmd.filtered,39496,39511,name
(mmd) Course of Analytical Geometry - Sharipov.mmd.filtered,40012,40143,proof
(mmd) Course of Analytical Geometry - Sharipov.mmd.filtered,41917,41985,name
(mmd) Course of Analytical Geometry - Sharipov.mmd.filtered,42308,42312,name
(mmd) Course of Analytical Geometry - Sharipov.mmd.filtered,43804,44362,proof
(mmd) Course of Analytical Geometry - Sharipov.mmd.filtered,44364,46127,definition
(mmd) Course of Analytical Geometry - Sharipov.mmd.filtered,44364,44604,name
(mmd) Course of Analytical Geometry - Sharipov.mmd.filtered,45641,47878,proof
(mmd) Course of Analytical Geometry - Sharipov.mmd.filtered,48263,48278,name
(mmd) Course of Analytical Geometry - Sharipov.mmd.filtered,49825,50093,name
(mmd) Course of Analytical Geometry - Sharipov.mmd.filtered,50331,50573,definition
(mmd) Course of Analytical Geometry - Sharipov.mmd.filtered,50515,50557,name
(mmd) Course of Analytical Geometry - Sharipov.mmd.filtered,50850,50902,definition
(mmd) Course of Analytical Geometry - Sharipov.mmd.filtered,50932,50970,name
(mmd) Course of Analytical Geometry - Sharipov.mmd.filtered,52729,52735,name
(mmd) Course of Analytical Geometry - Sharipov.mmd.filtered,52930,53383,definition
(mmd) Course of Analytical Geometry - Sharipov.mmd.filtered,53198,53321,name
(mmd) Course of Analytical Geometry - Sharipov.mmd.filtered,53639,53648,name
(mmd) Course of Analytical Geometry - Sharipov.mmd.filtered,54305,54590,definition
(mmd) Course of Analytical Geometry - Sharipov.mmd.filtered,56982,56993,name
(mmd) Course of Analytical Geometry - Sharipov.mmd.filtered,57746,60072,definition
(mmd) Course of Analytical Geometry - Sharipov.mmd.filtered,57829,57840,name
(mmd) Course of Analytical Geometry - Sharipov.mmd.filtered,58691,58706,name
(mmd) Course of Analytical Geometry - Sharipov.mmd.filtered,59162,59197,name
(mmd) Course of Analytical Geometry - Sharipov.mmd.filtered,59562,59577,name
(mmd) Course of Analytical Geometry - Sharipov.mmd.filtered,62345,62989,definition
(mmd) Course of Analytical Geometry - Sharipov.mmd.filtered,62345,62444,name
(mmd) Course of Analytical Geometry - Sharipov.mmd.filtered,63192,63754,definition
(mmd) Course of Analytical Geometry - Sharipov.mmd.filtered,64388,64491,definition
(mmd) Course of Analytical Geometry - Sharipov.mmd.filtered,64390,64395,name
(mmd) Course of Analytical Geometry - Sharipov.mmd.filtered,64795,64984,name
(mmd) Course of Analytical Geometry - Sharipov.mmd.filtered,65341,95237,definition
(mmd) Course of Analytical Geometry - Sharipov.mmd.filtered,66067,66071,name
(mmd) Course of Analytical Geometry - Sharipov.mmd.filtered,66652,67614,proof
(mmd) Course of Analytical Geometry - Sharipov.mmd.filtered,68665,68873,name
(mmd) Course of Analytical Geometry - Sharipov.mmd.filtered,69564,69576,name
(mmd) Course of Analytical Geometry - Sharipov.mmd.filtered,69816,70695,proof
(mmd) Course of Analytical Geometry - Sharipov.mmd.filtered,73781,73794,name
(mmd) Course of Analytical Geometry - Sharipov.mmd.filtered,74460,74476,name
(mmd) Course of Analytical Geometry - Sharipov.mmd.filtered,77681,77694,name
(mmd) Course of Analytical Geometry - Sharipov.mmd.filtered,79972,79985,name
(mmd) Course of Analytical Geometry - Sharipov.mmd.filtered,80775,80816,name
(mmd) Course of Analytical Geometry - Sharipov.mmd.filtered,83069,83081,name
(mmd) Course of Analytical Geometry - Sharipov.mmd.filtered,84015,84019,name
(mmd) Course of Analytical Geometry - Sharipov.mmd.filtered,84197,85518,proof
(mmd) Course of Analytical Geometry - Sharipov.mmd.filtered,85989,85993,name
(mmd) Course of Analytical Geometry - Sharipov.mmd.filtered,86522,86526,name
(mmd) Course of Analytical Geometry - Sharipov.mmd.filtered,86604,86705,name
(mmd) Course of Analytical Geometry - Sharipov.mmd.filtered,87042,87046,name
(mmd) Course of Analytical Geometry - Sharipov.mmd.filtered,88655,88818,name
(mmd) Course of Analytical Geometry - Sharipov.mmd.filtered,89906,89922,name
(mmd) Course of Analytical Geometry - Sharipov.mmd.filtered,91271,91283,name
(mmd) Course of Analytical Geometry - Sharipov.mmd.filtered,93101,93115,name
(mmd) Course of Analytical Geometry - Sharipov.mmd.filtered,93666,93750,name
(mmd) Course of Analytical Geometry - Sharipov.mmd.filtered,94357,94395,name
(mmd) Course of Analytical Geometry - Sharipov.mmd.filtered,95511,96316,definition
(mmd) Course of Analytical Geometry - Sharipov.mmd.filtered,96068,96316,proof
(mmd) Course of Analytical Geometry - Sharipov.mmd.filtered,96516,96578,name
(mmd) Course of Analytical Geometry - Sharipov.mmd.filtered,96870,97334,name
(mmd) Course of Analytical Geometry - Sharipov.mmd.filtered,97339,97839,definition
(mmd) Course of Analytical Geometry - Sharipov.mmd.filtered,97402,97411,name
(mmd) Course of Analytical Geometry - Sharipov.mmd.filtered,98485,99000,definition
(mmd) Course of Analytical Geometry - Sharipov.mmd.filtered,99722,100452,definition
